,level_0,index,score,name
0,0,870,1823.3471595302976,THHGRPU6
1,1,1153,1583.9825406761365,N40_BUS
2,2,1030,1583.9625289840305,S31_BUS
3,3,398,1392.121911181302,NHSPWHT_CY
4,4,943,1229.55338175325,S02_BUS
5,5,869,1179.364029339125,THHGRPU5
6,6,410,1161.3978566572841,GED_CY
7,7,958,1121.2808740400228,S07_BUS
8,8,689,1113.08265990968,VAL150K_CY
9,9,690,1111.7000207586968,VAL200K_CY
10,10,611,1084.446057392803,NW250_CY
11,11,583,1083.083460911139,A65DI35_CY
12,12,499,1079.2326189375233,A75I25_CY
13,13,856,1076.4798219786617,THHGRPL6
14,14,671,1075.8856483745456,A65NW150CY
15,15,760,1064.942960446506,VALBASE_CY
16,16,10,1064.7657256237428,OWNER_CY
17,17,686,1062.9524745050978,VAL0_CY
18,18,397,1055.541309869055,NONHISP_CY
19,19,681,1048.9272738750724,A75NW150CY
20,20,610,1047.465235984904,NW150_CY
21,21,594,1044.7271150891193,A75DI25_CY
22,22,1045,1043.0891961681773,N04_BUS
23,23,701,1042.662508030923,WHTFBASECY
24,24,641,1037.781222561352,A35NW150CY
25,25,489,1032.908146128795,A65I35_CY
26,27,382,1031.4373904645556,WHITE_CY
27,26,699,1031.4373904645556,WAGEBASECY
28,28,700,1019.4860085621567,WHTMBASECY
29,29,618,1017.2112424021545,A15NW35_CY
30,30,490,1009.7706840592882,A65I50_CY
31,31,691,1008.1302240212425,VAL250K_CY
32,32,672,1005.2781689079468,A65NW250CY
33,33,500,1001.5685795889211,A75I35_CY
34,34,946,994.2386473368674,S03_BUS
35,35,651,987.9630342105576,A45NW150CY
36,36,630,984.6624936179392,A25NW100CY
37,37,661,982.9073173647904,A55NW150CY
38,38,969,976.4812187939577,S10_EMP
39,39,1048,973.7090153631906,N05_BUS
40,40,670,972.7681926647133,A65NW100CY
41,41,1089,971.4085963246321,N18_EMP
42,42,972,971.4085963246321,S11_EMP
43,43,1071,970.2412465351549,N12_EMP
44,44,593,969.5114862228785,A75DI15_CY
45,45,572,966.795776960427,A55DI50_CY
46,46,488,963.3344933115193,A65I25_CY
47,47,498,962.2356133296743,A75I15_CY
48,48,971,962.0789348335709,S11_SALES
49,49,1088,962.0789348335709,N18_SALES
50,50,582,958.8549253353402,A65DI25_CY
51,51,1105,958.4345382014424,N24_BUS
52,52,680,956.6094022327915,A75NW100CY
53,53,855,955.9788056652988,THHGRPL5
54,54,491,953.2417349645374,A65I75_CY
55,55,609,949.2460113008907,NW100_CY
56,56,480,948.8217789873632,A55I75_CY
57,57,688,947.651177861307,VAL100K_CY
58,58,775,945.7011098676608,NWA65BASCY
59,59,767,945.7011098676608,DIA65BASCY
60,60,751,945.7011098676608,IA65BASECY
61,61,662,944.8627161045387,A55NW250CY
62,62,581,944.0981944978257,A65DI15_CY
63,63,570,940.7260213147366,A55DI25_CY
64,64,479,940.7209778662813,A55I50_CY
65,65,234,936.0001412335049,MAGE68_CY
66,66,994,934.4209188467747,S19_BUS
67,67,233,933.2474503531466,MAGE67_CY
68,68,571,931.9646825684654,A55DI35_CY
69,69,235,929.6481163564526,MAGE69_CY
70,70,584,929.3043057464448,A65DI50_CY
71,71,51,926.0613139695131,MALE65_CY
72,72,757,925.5671201238155,IA65UBASCY
73,73,236,925.1512821843289,MAGE70_CY
74,74,679,924.0832085229364,A75NW50_CY
75,75,478,924.048981087937,A55I35_CY
76,76,232,923.6834030415056,MAGE66_CY
77,77,237,923.0328753064235,MAGE71_CY
78,78,968,921.3896878983492,S10_SALES
79,79,369,919.7702633641234,OCCHTCH_CY
80,80,52,919.1537590227397,MALE70_CY
81,81,238,918.891676571607,MAGE72_CY
82,82,673,915.8243223212767,AGGNWA65CY
83,83,239,915.7235137169148,MAGE73_CY
84,84,640,914.0869920576189,A35NW100CY
85,85,754,910.0247905187094,IA55UBASCY
86,86,585,909.334748639575,A65DI75_CY
87,87,149,909.0449316491371,AGE68_CY
88,88,231,908.7337880670733,MAGE65_CY
89,89,345,908.582630095016,INDUTIL_CY
90,90,240,908.2488851116062,MAGE74_CY
91,91,148,907.4077551129084,AGE67_CY
92,92,1070,906.4232951963429,N12_SALES
93,93,379,905.9903469555645,OCCMAIN_CY
94,94,1060,905.6081201611677,N09_BUS
95,95,469,904.5660610222327,A45I75_CY
96,96,150,903.7387385484267,AGE69_CY
97,97,29,902.0338134643944,POP65_CY
98,98,147,901.1885215795755,AGE66_CY
99,99,418,901.1626191413729,DIVORCD_CY
100,100,867,900.5739213081779,THHGRPU3
101,101,409,899.8346943613612,HSGRAD_CY
102,102,151,898.6688765355793,AGE70_CY
103,103,241,897.1031460102051,MAGE75_CY
104,104,660,896.8170884765498,A55NW100CY
105,105,152,896.5152659482767,AGE71_CY
106,106,803,893.7180073688224,THH21
107,107,230,893.5446010091842,MAGE64_CY
108,108,30,893.118410273394,POP70_CY
109,109,652,893.0776219296315,A45NW250CY
110,110,153,892.907323493415,AGE72_CY
111,111,412,890.7065869713578,ASSCDEG_CY
112,112,768,890.0046611946751,DIA75BASCY
113,113,752,890.0046611946751,IA75BASECY
114,114,776,890.0046611946751,NWA75BASCY
115,115,892,889.7612595821613,TADULT21
116,116,487,889.583956762906,A65I15_CY
117,117,154,889.4367074760013,AGE73_CY
118,118,146,889.128298590133,AGE65_CY
119,119,1074,887.3361743442556,N13_EMP
120,120,242,887.0403482657291,MAGE76_CY
121,121,319,885.1546296648025,FAGE68_CY
122,122,155,884.3624915840177,AGE74_CY
123,123,318,884.3537672850074,FAGE67_CY
124,124,229,883.8266911705991,MAGE63_CY
125,125,595,883.726161450216,A75DI35_CY
126,126,854,882.8130246029099,THHGRPL4
127,127,53,881.653700763134,MALE75_CY
128,128,317,880.8817480968102,FAGE66_CY
129,129,320,880.7968140747928,FAGE69_CY
130,130,73,880.52654227111,FEM65_CY
131,131,976,879.8485400211765,S13_BUS
132,132,423,879.6704345162093,HINC50_CY
133,133,608,879.254571052031,NW75_CY
134,135,774,878.830598030039,NWA55BASCY
135,136,750,878.830598030039,IA55BASECY
136,134,766,878.830598030039,DIA55BASCY
137,137,477,877.9044128272673,A55I25_CY
138,138,1141,877.8822849424639,N36_BUS
139,139,1009,877.8822849424639,S24_BUS
140,140,145,877.7845664841149,AGE64_CY
141,141,243,877.1313408183814,MAGE77_CY
142,142,682,877.1061220029715,A75NW250CY
143,143,156,876.7088015149727,AGE75_CY
144,144,629,875.6129367801294,A25NW50_CY
145,145,321,875.252407423214,FAGE70_CY
146,146,228,874.9762403578382,MAGE62_CY
147,147,50,874.880618861221,MALE60_CY
148,148,1073,873.2091513572418,N13_SALES
149,149,322,873.0200458864523,FAGE71_CY
150,150,663,871.7642228328777,AGGNWA55CY
151,151,512,871.6626651170808,DI50_CY
152,152,316,871.2437969539051,FAGE65_CY
153,153,560,870.497065144349,A45DI50_CY
154,154,978,870.476672578356,S13_EMP
155,155,74,870.1396039426252,FEM70_CY
156,156,244,870.0795358801097,MAGE78_CY
157,157,144,870.0682159731911,AGE63_CY
158,158,323,869.8245460360379,FAGE72_CY
159,159,245,869.5406267951099,MAGE79_CY
160,160,678,869.2502445964625,A75NW35_CY
161,161,246,868.8039942364481,MAGE80_CY
162,162,357,868.4341327918485,INDPUBL_CY
163,163,157,867.5179616116338,AGE76_CY
164,164,247,867.1043176750612,MAGE81_CY
165,165,511,866.7782279244365,DI35_CY
166,166,227,866.5613335091341,MAGE61_CY
167,167,324,866.238409953896,FAGE73_CY
168,168,31,864.6053362379864,POP75_CY
169,169,28,863.3500179383576,POP60_CY
170,170,325,863.2780978378025,FAGE74_CY
171,171,315,863.1312167050863,FAGE64_CY
172,172,143,863.0855426734124,AGE62_CY
173,173,613,862.6821525042482,AGGNW_CY
174,174,422,861.8279397558505,HINC35_CY
175,175,424,861.323708031783,HINC75_CY
176,176,162,860.9715194131456,AGE81_CY
177,177,909,860.0851327800185,TADULT38
178,178,158,859.7442083895814,AGE77_CY
179,179,161,859.4565100175237,AGE80_CY
180,180,1062,858.576116431536,N09_EMP
181,181,326,858.4731361459098,FAGE75_CY
182,182,226,858.0064012128055,MAGE60_CY
183,183,160,857.9371634773453,AGE79_CY
184,184,314,857.094142358866,FAGE63_CY
185,185,492,856.968971309233,A65I100_CY
186,186,142,856.6805401796589,AGE61_CY
187,187,159,856.34223938329,AGE78_CY
188,188,248,855.9853859828964,MAGE82_CY
189,189,510,855.549131046043,DI25_CY
190,190,163,855.1100040236448,AGE82_CY
191,191,631,854.3798248086104,A25NW150CY
192,192,54,853.3543432165502,MALE80_CY
193,193,332,853.2851939875812,FAGE81_CY
194,194,32,852.8157942197582,POP80_CY
195,195,225,852.406983115945,MAGE59_CY
196,196,72,852.2827145074529,FEM60_CY
197,197,948,852.0156344099714,S03_EMP
198,198,313,851.6878777992109,FAGE62_CY
199,199,333,851.1387110805376,FAGE82_CY
200,200,1134,851.1222368358111,N33_EMP
201,201,141,850.6327629956137,AGE60_CY
202,202,343,850.3764196446656,INDRTTR_CY
203,203,327,850.0068639138278,FAGE76_CY
204,204,1032,849.9742421973671,S31_EMP
205,205,331,849.8873054032578,FAGE80_CY
206,206,481,849.3716066003335,A55I100_CY
207,207,76,849.2500078151961,FEM80_CY
208,208,75,849.0915258528851,FEM75_CY
209,209,1155,848.7248206802416,N40_EMP
210,210,164,848.2086560944175,AGE83_CY
211,211,334,848.0738516828939,FAGE83_CY
212,212,312,847.0330173745822,FAGE61_CY
213,213,330,846.5928644312473,FAGE79_CY
214,214,140,846.1103322445888,AGE59_CY
215,215,224,846.0367267426077,MAGE58_CY
216,216,9,845.0507190758226,TOTHU_CY
217,217,328,843.865558779627,FAGE77_CY
218,218,820,843.8482722701365,THH38
219,219,329,843.2597824929057,FAGE78_CY
220,220,311,843.1856845057281,FAGE60_CY
221,221,249,843.1685404137509,MAGE83_CY
222,222,589,842.1848766657833,AGGDIA65CY
223,223,139,841.4259457673556,AGE58_CY
224,224,335,840.9700478199039,FAGE84_CY
225,225,310,839.6147612038233,FAGE59_CY
226,226,223,839.1064016359041,MAGE57_CY
227,227,974,837.8126381544155,S12_SALES
228,228,569,837.7844439683923,A55DI15_CY
229,229,501,837.3080347563306,A75I50_CY
230,230,49,837.2731006711745,MALE55_CY
231,231,165,836.4614480719875,AGE84_CY
232,232,309,836.437982367222,FAGE58_CY
233,233,470,836.0601768104311,A45I100_CY
234,234,138,835.6591858735212,AGE57_CY
235,235,967,835.3571138437107,S10_BUS
236,236,416,834.9545007846313,MARRIED_CY
237,237,1161,834.9357318384272,HU_C
238,238,868,834.3037575214487,THHGRPU4
239,239,468,834.1498743659854,A45I50_CY
240,240,27,833.9321800422134,POP55_CY
241,241,417,832.2025240240774,WIDOWED_CY
242,242,947,831.8631146470474,S03_SALES
243,243,308,831.7339550811176,FAGE57_CY
244,244,741,830.2795725274439,AGGIA65_FY
245,245,7,830.2016901134,FAMHH_CY
246,246,222,830.1466388392545,MAGE56_CY
247,247,71,830.1332521790664,FEM55_CY
248,248,559,829.5712488593989,A45DI35_CY
249,249,367,829.0011548261873,OCCEDUC_CY
250,250,137,828.1971303706032,AGE56_CY
251,251,612,827.0134427914085,NW500_CY
252,252,307,825.6795089272254,FAGE56_CY
253,253,548,824.7802711555619,A35DI50_CY
254,254,250,823.6969756069985,MAGE84_CY
255,255,1069,822.1389335097308,N12_BUS
256,256,421,821.8048856328284,HINC25_CY
257,257,769,821.2266068423484,NWBASE_CY
258,258,761,821.2266068423484,DIBASE_CY
259,259,745,821.2266068423484,HINCBASECY
260,260,5,821.2233508732384,TOTHH_CY
261,261,782,821.2233508732384,THHBASE
262,262,77,821.1027292293487,FEM85_CY
263,263,1020,820.2639470603089,S27_EMP
264,264,221,820.0247004054206,MAGE55_CY
265,265,650,819.5739798421586,A45NW100CY
266,266,136,819.0936042968646,AGE55_CY
267,267,12,818.1089533621723,VACANT_CY
268,268,306,817.567145160815,FAGE55_CY
269,269,619,815.3178412982825,A15NW50_CY
270,270,975,815.3100102562045,S12_EMP
271,271,1160,813.466221742048,HH_C
272,272,220,810.7999018837675,MAGE54_CY
273,273,135,810.3768373158595,AGE54_CY
274,274,305,809.3506191265056,FAGE54_CY
275,275,434,807.9224834151562,A15I35_CY
276,276,653,807.8561978764415,AGGNWA45CY
277,277,352,807.7740527353469,INDEDUC_CY
278,278,353,807.2894459995456,INDHLTH_CY
279,279,977,807.2521591958298,S13_SALES
280,280,734,806.8364616087774,AGGIA65_CY
281,281,1059,806.6002080078313,N08_EMP
282,282,476,806.3880249386989,A55I15_CY
283,283,1049,806.265093270214,N05_SALES
284,284,3,806.1849014125493,GQPOP_CY
285,285,33,805.3389574527828,POP85_CY
286,286,592,803.9178415871357,A75DI0_CY
287,287,134,803.7724726314324,AGE53_CY
288,288,1050,803.671024591105,N05_EMP
289,289,304,803.5689332036353,FAGE53_CY
290,290,219,803.3200230296698,MAGE53_CY
291,291,523,802.0254051038811,A15DI35_CY
292,292,509,799.6133754909691,DI15_CY
293,293,458,797.7430263070839,A35I75_CY
294,294,303,795.8606524459805,FAGE52_CY
295,295,411,795.8230880157083,SMCOLL_CY
296,296,433,795.7508981732013,A15I25_CY
297,297,133,795.0349239918331,AGE52_CY
298,298,70,794.71069440068,FEM50_CY
299,299,457,794.2689531071198,A35I50_CY
300,300,26,793.9017640732528,POP50_CY
301,301,966,793.6706243892404,S09_EMP
302,302,425,793.6594532581809,HINC100_CY
303,303,218,793.4787793200294,MAGE52_CY
304,304,365,793.4493893996603,OCCSSRV_CY
305,305,486,793.0632370844819,A65I0_CY
306,306,773,792.653640744242,NWA45BASCY
307,307,749,792.653640744242,IA45BASECY
308,308,765,792.653640744242,DIA45BASCY
309,309,48,792.3942963716083,MALE50_CY
310,310,446,792.1747061252373,A25I50_CY
311,311,1061,791.2908500831722,N09_SALES
312,312,580,790.8827017606181,A65DI0_CY
313,313,435,790.1505278625227,A15I50_CY
314,314,577,788.4880285305726,AGGDIA55CY
315,315,573,787.6879848765097,A55DI75_CY
316,316,561,787.6390236124573,A45DI75_CY
317,317,1147,787.584774422068,N38_BUS
318,318,302,787.2362330351688,FAGE51_CY
319,319,132,785.718899551541,AGE51_CY
320,320,1102,784.2226222748993,N23_BUS
321,321,1058,783.9764751470123,N08_SALES
322,322,965,783.8912191691421,S09_SALES
323,323,522,783.5603160433317,A15DI25_CY
324,324,217,783.4627458159874,MAGE51_CY
325,325,669,783.170567240411,A65NW50_CY
326,326,642,779.6457325351134,A35NW250CY
327,327,1084,778.0761738343623,N17_BUS
328,328,1132,777.7388085879567,N33_BUS
329,329,301,777.2338481280863,FAGE50_CY
330,330,770,774.7155562108653,NWA15BASCY
331,331,746,774.7155562108653,IA15BASECY
332,332,762,774.7155562108653,DIA15BASCY
333,333,131,774.5655763724606,AGE50_CY
334,334,420,773.4311797018223,HINC15_CY
335,335,740,773.338254693465,AGGIA55_FY
336,336,658,773.2664314232245,A55NW35_CY
337,337,216,771.1469679495731,MAGE50_CY
338,338,55,769.3862181915338,MALE85_CY
339,339,970,768.7710019424411,S11_BUS
340,340,1087,768.7710019424411,N18_BUS
341,341,687,768.471655243168,VAL50K_CY
342,342,459,768.025055779861,A35I100_CY
343,343,601,766.6911799058385,AGGDIA75CY
344,344,617,766.3468837075545,A15NW15_CY
345,345,596,766.0205842706555,A75DI50_CY
346,346,300,765.4100472871488,FAGE49_CY
347,347,742,765.2171738429957,AGGIA75_FY
348,348,733,764.1382828122722,AGGIA55_CY
349,349,607,764.0208477376626,NW50_CY
350,350,659,763.5459297764053,A55NW50_CY
351,351,467,762.4586402555168,A45I35_CY
352,352,130,761.9041653267532,AGE49_CY
353,353,497,760.5793288499426,A75I0_CY
354,354,513,759.3895675740175,DI75_CY
355,355,215,757.6234733057278,MAGE49_CY
356,356,778,756.1856733836869,EDUCBASECY
357,357,517,755.8360505539741,AGGDI_CY
358,358,299,755.1442168163554,FAGE48_CY
359,359,1133,754.4276135349186,N33_SALES
360,360,723,753.0405284846667,INDBASE_CY
361,361,724,753.0405284846667,OCCBASE_CY
362,362,337,753.0405284846667,EMP_CY
363,363,574,752.9913581154186,A55DI100CY
364,364,683,752.7157193646565,AGGNWA75CY
365,365,536,751.2899334557545,A25DI50_CY
366,366,375,750.4377463089309,OCCSALE_CY
367,367,79,750.3482477814088,FEM21UP_CY
368,368,78,750.2002371862882,FEM18UP_CY
369,369,129,750.114172746076,AGE48_CY
370,370,376,749.1478184824318,OCCADMN_CY
371,371,336,748.8670851881693,CIVLBFR_CY
372,372,35,748.5608613153078,POP21UP_CY
373,373,633,748.2239056656781,AGGNWA25CY
374,374,871,748.2037933180188,TADULTBASE
375,375,34,748.2037933180188,POP18UP_CY
376,376,1146,748.1987037866337,N37_EMP
377,377,360,747.5353181568094,OCCMGMT_CY
378,378,1019,747.3868089570484,S27_SALES
379,379,639,746.436138436017,A35NW50_CY
380,380,779,746.342433583315,MARBASE_CY
381,381,69,746.3178878710002,FEM45_CY
382,382,57,745.9630571749079,MAL21UP_CY
383,383,298,745.5011908426011,FAGE47_CY
384,384,56,745.415562866165,MAL18UP_CY
385,385,214,744.2687296071884,MAGE48_CY
386,386,565,743.7546469675433,AGGDIA45CY
387,387,59,742.9915721141857,FEMALES_CY
388,388,270,742.679971125492,FAGE19_CY
389,389,616,742.2030158768373,A15NW0_CY
390,390,987,741.8782310169747,S16_EMP
391,391,735,741.8277580214029,AGGIA75_CY
392,392,445,741.7379216813437,A25I35_CY
393,393,25,741.3696279887212,POP45_CY
394,394,100,740.9461193231838,AGE19_CY
395,395,888,740.934063096604,TADULT17
396,396,743,740.6911324328386,AGEBASE_CY
397,397,744,740.6911324328386,RACEBASECY
398,398,0,740.6911324328386,TOTPOP_CY
399,399,1126,739.9580447594935,N31_BUS
400,400,128,739.7844177716628,AGE47_CY
401,401,340,739.6402898042548,INDCONS_CY
402,402,942,739.1329389118671,S01_EMP
403,403,1038,739.1329389118671,N01_EMP
404,404,726,738.9126412286265,AGGINC_FY
405,405,524,738.7528268369223,A15DI50_CY
406,406,728,738.0554103682284,AGGHINC_FY
407,407,37,737.8815446988846,MALES_CY
408,408,586,736.6839727213161,A65DI100CY
409,409,177,736.6732887734976,MAGE11_CY
410,410,92,736.6609568754113,AGE11_CY
411,411,185,736.5734202003747,MAGE19_CY
412,412,262,736.5610735823421,FAGE11_CY
413,413,297,736.2948771824525,FAGE46_CY
414,414,1024,735.9233123445933,S29_BUS
415,415,47,735.639249896253,MALE45_CY
416,416,1159,735.5894875694062,POP_C
417,417,1,735.2147411453687,HHPOP_CY
418,418,371,734.4236415273224,OCCPROT_CY
419,419,261,734.0570452590711,FAGE10_CY
420,420,521,733.9171398538873,A15DI15_CY
421,421,213,733.2563623408254,MAGE47_CY
422,422,887,733.2224335680809,TADULT16
423,423,91,733.1582686352713,AGE10_CY
424,424,725,732.5268330207736,AGGINC_CY
425,425,1078,732.4015474807444,N15_BUS
426,426,176,732.2216940429801,MAGE10_CY
427,427,263,732.2020760221461,FAGE12_CY
428,428,727,731.7498757638526,AGGHINC_CY
429,429,2,731.1404116427542,FAMPOP_CY
430,430,568,731.0310028071925,A55DI0_CY
431,431,127,730.9222483436139,AGE46_CY
432,432,93,730.8653880579028,AGE12_CY
433,433,1092,730.3294888066698,N19_EMP
434,434,535,730.0973517586503,A25DI35_CY
435,435,178,729.500191088897,MAGE12_CY
436,436,296,728.7694163363668,FAGE45_CY
437,437,799,728.1261491074451,THH17
438,438,940,727.8378420373268,S01_BUS
439,439,1036,727.8378420373268,N01_BUS
440,440,1162,727.8371609298592,BUS_C_CY
441,441,62,727.4432950927002,FEM10_CY
442,442,692,727.3020476398295,VAL300K_CY
443,443,18,726.7152606994777,POP10_CY
444,444,40,725.9857086745377,MALE10_CY
445,445,732,725.5782979761699,AGGIA45_CY
446,446,212,724.767391735446,MAGE46_CY
447,447,1129,724.600619221938,N32_BUS
448,448,126,723.8151990377454,AGE45_CY
449,449,94,722.9913577775458,AGE13_CY
450,450,179,722.956828674074,MAGE13_CY
451,451,264,722.9430469686076,FAGE13_CY
452,452,649,722.2254880369705,A45NW50_CY
453,453,1018,722.1354612373273,S27_BUS
454,454,269,722.0384728442522,FAGE18_CY
455,455,798,721.2124878436655,THH16
456,456,432,721.1922872563754,A15I15_CY
457,457,259,720.5861574998729,FAGE8_CY
458,458,447,720.5228585854552,A25I75_CY
459,459,63,720.3433998714964,FEM15_CY
460,460,89,719.7879875555451,AGE8_CY
461,461,295,719.7714402270836,FAGE44_CY
462,462,562,719.2775528396667,A45DI100CY
463,463,174,718.945918000651,MAGE8_CY
464,464,795,718.3550152912916,THH13
465,465,211,718.1209993279217,MAGE45_CY
466,466,471,717.5689744256912,A45I150_CY
467,467,991,717.5001666441369,S18_BUS
468,468,739,717.4274755593879,AGGIA45_FY
469,469,482,716.9368753846821,A55I150_CY
470,470,260,716.904934598091,FAGE9_CY
471,471,1152,716.5009095819844,N39_EMP
472,472,19,716.3904234993711,POP15_CY
473,473,125,716.3217439391532,AGE44_CY
474,474,1075,716.1685812969567,N14_BUS
475,475,90,716.0711473551055,AGE9_CY
476,476,372,716.0212479999558,OCCFOOD_CY
477,477,99,715.3169669864812,AGE18_CY
478,478,175,715.2041600376672,MAGE9_CY
479,479,258,715.0238298140948,FAGE7_CY
480,480,547,714.4051171124335,A35DI35_CY
481,481,88,713.9284886354894,AGE7_CY
482,482,61,713.4402435705024,FEM5_CY
483,483,173,712.7848628379475,MAGE7_CY
484,484,257,712.5181748282218,FAGE6_CY
485,485,748,712.4419019008704,IA35BASECY
486,486,772,712.4419019008704,NWA35BASCY
487,487,764,712.4419019008704,DIA35BASCY
488,488,17,712.4232417124183,POP5_CY
489,489,41,712.2437017973009,MALE15_CY
490,490,210,712.1606392810328,MAGE44_CY
491,491,1131,711.6272053596244,N32_EMP
492,492,87,711.4418383338161,AGE6_CY
493,493,39,711.4160745717074,MALE5_CY
494,494,1149,710.8481307105811,N38_EMP
495,495,294,710.7755959408051,FAGE43_CY
496,496,508,710.7242116425352,DI0_CY
497,497,265,710.4056226627147,FAGE14_CY
498,498,172,710.3219846408958,MAGE6_CY
499,499,1026,709.8078000003467,S29_EMP
500,500,95,708.9902742472817,AGE14_CY
501,501,643,708.5435164379461,AGGNWA35CY
502,502,124,708.3820696421077,AGE43_CY
503,503,1140,708.2382120902163,N35_EMP
504,504,184,707.7668368001401,MAGE18_CY
505,505,180,707.5615237009769,MAGE14_CY
506,506,529,707.472341275075,AGGDIA15CY
507,507,520,707.225264933712,A15DI0_CY
508,508,606,707.1939983828632,NW35_CY
509,509,534,706.5209440145256,A25DI25_CY
510,510,677,706.3717111541864,A75NW15_CY
511,511,475,706.0218476530915,A55I0_CY
512,512,266,705.343933347224,FAGE15_CY
513,513,209,705.2932287031451,MAGE43_CY
514,514,101,704.1892517730976,AGE20_CY
515,515,186,704.1381456346277,MAGE20_CY
516,516,96,703.8061061117074,AGE15_CY
517,517,341,703.5761582114492,INDMANU_CY
518,518,68,703.4602521043724,FEM40_CY
519,519,1027,702.6323727474728,S30_BUS
520,520,293,702.2724768911164,FAGE42_CY
521,521,181,702.2528317666025,MAGE15_CY
522,522,271,701.8485728389472,FAGE20_CY
523,523,256,701.5584926787341,FAGE5_CY
524,524,1012,701.4630799404156,S25_BUS
525,525,638,701.2061310445008,A35NW35_CY
526,526,267,700.6129583926615,FAGE16_CY
527,527,24,700.4102414124741,POP40_CY
528,528,86,700.4082071005862,AGE5_CY
529,529,884,700.3498095816453,TADULT13
530,530,97,700.1831161188231,AGE16_CY
531,531,123,700.0727149787041,AGE42_CY
532,532,951,699.7475848535133,S04_EMP
533,533,182,699.6443548131746,MAGE16_CY
534,534,171,699.2339412629406,MAGE5_CY
535,535,493,699.0313767452449,A65I150_CY
536,536,1053,698.4942282508949,N06_EMP
537,537,736,697.4455661571807,AGGIA15_FY
538,538,208,697.1788353416397,MAGE42_CY
539,539,1006,696.9825890058306,S23_BUS
540,540,46,696.6764314544515,MALE40_CY
541,541,456,696.2775388091719,A35I35_CY
542,542,549,695.4094853540789,A35DI75_CY
543,543,436,695.3062908558273,A15I75_CY
544,544,292,695.2862105591385,FAGE41_CY
545,545,170,695.1859550908573,MAGE4_CY
546,546,268,694.5712082401451,FAGE17_CY
547,547,378,694.5465313930949,OCCCONS_CY
548,548,85,693.5413667431942,AGE4_CY
549,549,1008,693.2039560315262,S23_EMP
550,550,1057,693.1615083732265,N08_BUS
551,551,1080,692.7977131350555,N15_EMP
552,552,546,692.5812244212306,A35DI25_CY
553,553,122,692.4435499763159,AGE41_CY
554,554,370,692.2772669021925,OCCHLTH_CY
555,555,1063,691.947412530623,N10_BUS
556,556,98,691.8325144439623,AGE17_CY
557,557,255,691.7586039323397,FAGE4_CY
558,558,1079,691.5071315566867,N15_SALES
559,559,413,691.4557373727629,BACHDEG_CY
560,561,771,691.2192501089012,NWA25BASCY
561,562,763,691.2192501089012,DIA25BASCY
562,560,747,691.2192501089012,IA25BASECY
563,563,729,691.0912556088183,AGGIA15_CY
564,564,1065,689.4015951543747,N10_EMP
565,565,183,689.1344052090901,MAGE17_CY
566,566,291,688.9358648535355,FAGE40_CY
567,567,207,688.9254789865299,MAGE41_CY
568,568,558,687.7140235696473,A45DI25_CY
569,569,431,687.6482881361887,A15I0_CY
570,570,797,686.3417279093818,THH15
571,571,1114,686.3360902753651,N27_BUS
572,572,1135,685.897618923926,N34_BUS
573,573,102,685.8292333188616,AGE21_CY
574,574,272,685.271473885175,FAGE21_CY
575,575,553,685.2479062462368,AGGDIA35CY
576,576,254,685.0299442030118,FAGE3_CY
577,577,121,684.7016863691398,AGE40_CY
578,578,84,684.5889616631855,AGE3_CY
579,579,187,684.3675922220305,MAGE21_CY
580,580,169,684.0721493030327,MAGE3_CY
581,581,886,683.6164497671284,TADULT15
582,582,1093,683.3333969559255,N20_BUS
583,583,1150,682.7418604317713,N39_BUS
584,584,514,682.6930231184401,DI100_CY
585,585,290,682.5839715653967,FAGE39_CY
586,586,419,682.4423295111345,HINC0_CY
587,587,466,681.3585903640698,A45I25_CY
588,588,206,679.8065368696651,MAGE40_CY
589,589,964,679.3282102729859,S09_BUS
590,590,990,679.0150285449699,S17_EMP
591,591,444,677.5744090626566,A25I25_CY
592,592,1000,677.5698270259055,S21_BUS
593,593,1090,677.5409847688369,N19_BUS
594,594,120,677.0684070955826,AGE39_CY
595,595,1111,676.5747717416718,N26_BUS
596,596,502,675.8033887340483,A75I75_CY
597,597,289,675.3155454928101,FAGE38_CY
598,598,38,674.7303537038823,MALE0_CY
599,599,16,674.4525038204442,POP0_CY
600,600,60,674.1321292857928,FEM0_CY
601,601,738,673.5666021620339,AGGIA35_FY
602,602,253,673.0703327272417,FAGE2_CY
603,603,83,673.0111561751863,AGE2_CY
604,604,168,672.8642555163366,MAGE2_CY
605,605,205,670.8967157247181,MAGE39_CY
606,606,525,670.2699598841532,A15DI75_CY
607,607,426,669.7374852355076,HINC150_CY
608,608,988,669.3716215751862,S17_BUS
609,609,731,669.1370023365217,AGGIA35_CY
610,610,119,669.0837432312318,AGE38_CY
611,611,597,668.9824078248547,A75DI75_CY
612,612,414,668.414087104812,GRADDEG_CY
613,613,288,667.9853231281616,FAGE37_CY
614,614,355,667.9293676731174,INDFOOD_CY
615,615,167,667.3346392707634,MAGE1_CY
616,616,1138,667.2464164911983,N35_BUS
617,617,67,667.1606410834863,FEM35_CY
618,618,82,667.1295100893911,AGE1_CY
619,619,252,666.850264342355,FAGE1_CY
620,620,363,665.1365304702745,OCCARCH_CY
621,621,952,665.0828358352795,S05_BUS
622,622,380,665.0407161598786,OCCPROD_CY
623,623,381,664.9530908645,OCCTRAN_CY
624,624,620,664.7494002964179,A15NW100CY
625,625,361,663.9850119604821,OCCBUS_CY
626,626,1091,663.7818770438198,N19_SALES
627,627,42,662.975040009455,MALE20_CY
628,628,204,662.2007929235866,MAGE38_CY
629,629,404,661.4794639426641,NHSPMLT_CY
630,630,20,661.3200673189597,POP20_CY
631,631,118,661.2657420283007,AGE37_CY
632,632,23,660.8830060879383,POP35_CY
633,633,287,659.6357636102359,FAGE36_CY
634,634,657,659.6155653293112,A55NW15_CY
635,635,533,659.5185935394412,A25DI15_CY
636,636,347,659.1194033533453,INDFIN_CY
637,637,188,658.6407241554698,MAGE22_CY
638,638,64,658.1279184938641,FEM20_CY
639,639,753,657.9576958869948,MEDHHR_CY
640,640,605,657.7655756512505,NW15_CY
641,641,941,657.717026112409,S01_SALES
642,642,1037,657.717026112409,N01_SALES
643,643,103,657.3897296171274,AGE22_CY
644,644,1072,655.6974543021905,N13_BUS
645,645,632,655.0153540330725,A25NW250CY
646,646,503,654.4493513490261,A75I100_CY
647,647,273,654.1324340373129,FAGE22_CY
648,648,45,653.9993174480674,MALE35_CY
649,649,203,653.9231209712593,MAGE37_CY
650,650,166,653.6058970946566,MAGE0_CY
651,651,81,653.5298895980397,AGE0_CY
652,652,251,653.3842694319313,FAGE0_CY
653,653,117,652.9972635059579,AGE36_CY
654,654,786,652.1397930131938,THH04
655,655,1145,651.7001838471914,N37_SALES
656,656,286,650.5603208747742,FAGE35_CY
657,657,627,649.6732451350388,A25NW15_CY
658,658,1014,648.7948470064567,S25_EMP
659,659,557,648.1346662429652,A45DI15_CY
660,660,973,645.8609707978094,S12_BUS
661,661,202,645.7744610243897,MAGE36_CY
662,662,986,645.5406062555659,S16_SALES
663,663,116,644.5376293519279,AGE35_CY
664,664,982,644.2192288299944,S15_BUS
665,665,358,643.4137628650261,UNEMP_CY
666,666,955,642.3995497648698,S06_BUS
667,667,851,642.0545290148082,THHGRPL1
668,668,541,641.9224100615702,AGGDIA25CY
669,669,285,641.1574579988161,FAGE34_CY
670,670,1151,640.2189105101185,N39_SALES
671,671,875,639.9091709107795,TADULT04
672,672,1096,639.5579299848193,N21_BUS
673,673,1056,638.3023741947751,N07_EMP
674,674,201,637.9552227991884,MAGE35_CY
675,675,666,637.0561891931508,A65NW0_CY
676,676,189,636.1413445953737,MAGE23_CY
677,677,960,636.0628355482658,S07_EMP
678,678,985,635.0476043924008,S16_BUS
679,679,115,634.950403908464,AGE34_CY
680,680,1144,634.2461559710783,N37_BUS
681,681,460,633.6747167977973,A35I150_CY
682,682,1076,633.1351156709287,N14_SALES
683,683,284,631.9182061411466,FAGE33_CY
684,684,963,631.2855398783391,S08_EMP
685,685,104,631.0108492583611,AGE23_CY
686,686,200,628.2066681223671,MAGE34_CY
687,687,1077,627.306007367146,N14_EMP
688,688,858,626.9395242832841,THHGRPL8
689,689,66,626.5615302536706,FEM30_CY
690,690,443,626.5509537524204,A25I15_CY
691,691,448,626.3265515158822,A25I100_CY
692,692,656,626.166351483643,A55NW0_CY
693,693,1013,625.7004226007755,S25_SALES
694,694,114,625.4941636619133,AGE33_CY
695,695,283,624.8189109723158,FAGE32_CY
696,696,274,624.2721239430798,FAGE23_CY
697,697,1029,623.943326275175,S30_EMP
698,698,465,623.4117826350003,A45I15_CY
699,699,668,622.9762211758838,A65NW35_CY
700,700,891,622.9667395459365,TADULT20
701,701,190,622.1922613509364,MAGE24_CY
702,702,22,621.4724932063573,POP30_CY
703,703,648,620.3881926706205,A45NW35_CY
704,704,628,620.3159533662113,A25NW35_CY
705,705,1015,619.4942856529619,S26_BUS
706,706,282,619.3575224621652,FAGE31_CY
707,707,113,619.0091267954703,AGE32_CY
708,708,623,618.9123524776344,AGGNWA15CY
709,709,199,618.5276700213019,MAGE33_CY
710,710,437,618.4772185904486,A15I100_CY
711,711,105,618.0253089545693,AGE24_CY
712,712,959,616.2423181943248,S07_SALES
713,713,281,615.8820051263211,FAGE30_CY
714,714,44,615.8380998360973,MALE30_CY
715,715,637,615.7773030800639,A35NW15_CY
716,716,112,614.7966207681962,AGE31_CY
717,717,111,613.4585474819747,AGE30_CY
718,718,455,613.385755484746,A35I25_CY
719,719,198,612.6515438126634,MAGE32_CY
720,720,275,612.5080938249492,FAGE24_CY
721,721,1128,611.481266010419,N31_EMP
722,722,191,611.4162951661528,MAGE25_CY
723,723,730,611.3880782295776,AGGIA25_CY
724,724,860,610.4762094053126,THHGRPL10
725,725,196,610.4361142132196,MAGE30_CY
726,726,197,609.6687950463036,MAGE31_CY
727,727,737,609.4060155408922,AGGIA25_FY
728,728,556,608.1900793478281,A45DI0_CY
729,729,1055,608.0579201635114,N07_SALES
730,730,192,607.8041980007047,MAGE26_CY
731,731,106,607.519524947069,AGE25_CY
732,732,351,607.4412124268777,INDADMN_CY
733,733,110,607.0657533699845,AGE29_CY
734,734,280,607.0270065072946,FAGE29_CY
735,735,1003,606.9095042673472,S22_BUS
736,736,195,606.4784581987109,MAGE29_CY
737,737,43,606.3634534203347,MALE25_CY
738,738,604,605.7516876148474,NW0_CY
739,739,989,604.5354391285233,S17_SALES
740,740,107,604.415867290291,AGE26_CY
741,741,21,604.3733693673423,POP25_CY
742,742,962,603.7822907434709,S08_SALES
743,743,802,603.0002254594248,THH20
744,744,342,602.772605256306,INDWHTR_CY
745,745,194,602.6668488484017,MAGE28_CY
746,746,647,602.5569055624096,A45NW15_CY
747,747,193,602.5147760062084,MAGE27_CY
748,748,276,602.4653206739318,FAGE25_CY
749,749,65,601.5939353096563,FEM25_CY
750,750,532,601.3993960033679,A25DI0_CY
751,751,108,601.2174889929418,AGE27_CY
752,752,109,600.9548305829737,AGE28_CY
753,753,362,600.7355789861148,OCCCOMP_CY
754,754,277,600.1182588328221,FAGE26_CY
755,755,1148,599.1670787526975,N38_SALES
756,756,278,599.0664062077933,FAGE27_CY
757,757,279,598.5497937429914,FAGE28_CY
758,758,1051,597.8891297989189,N06_BUS
759,759,356,595.9932202391853,INDOTSV_CY
760,760,373,595.9677982851385,OCCBLDG_CY
761,761,949,595.928708587212,S04_BUS
762,762,1064,594.976476944941,N10_SALES
763,763,676,593.4848050381935,A75NW0_CY
764,764,626,592.9108227961316,A25NW0_CY
765,765,442,587.6423319726802,A25I0_CY
766,766,787,586.238722191643,THH05
767,767,925,584.8711819308356,TADULT54
768,768,537,584.357148955723,A25DI75_CY
769,769,1139,582.0277697353164,N35_SALES
770,770,464,580.9217090328782,A45I0_CY
771,771,348,580.8672621207727,INDRE_CY
772,772,545,577.6964582545962,A35DI15_CY
773,773,415,576.8708668386809,NEVMARR_CY
774,774,984,573.3816052423101,S15_EMP
775,775,697,571.8124450412233,MEDVAL_CY
776,776,364,571.0521671281477,OCCSSCI_CY
777,777,550,570.9851318807915,A35DI100CY
778,778,1066,570.7933348309338,N11_BUS
779,779,374,569.4020252861885,OCCPERS_CY
780,780,349,568.828811594669,INDTECH_CY
781,781,621,567.1071453689341,A15NW150CY
782,782,836,562.1467909409937,THH54
783,783,956,561.8712792449468,S06_SALES
784,784,876,561.3645244902234,TADULT05
785,785,983,560.3613792123641,S15_SALES
786,786,563,559.3548193545328,A45DI150CY
787,787,454,558.6661974180685,A35I15_CY
788,788,1117,557.7576426336175,N28_BUS
789,789,1054,556.7097995999773,N07_BUS
790,790,588,555.6210079190414,A65DI200CY
791,791,1007,553.58539461005,S23_SALES
792,792,408,552.5121238150033,SOMEHS_CY
793,793,961,550.1105321314419,S08_BUS
794,794,344,548.5907851352598,INDTRAN_CY
795,795,576,546.9918830826142,A55DI200CY
796,796,929,546.6326364960188,TADULT58
797,797,598,545.387188665243,A75DI100CY
798,798,1106,544.9452116925055,N24_SALES
799,799,646,544.2839028225654,A45NW0_CY
800,800,1107,543.8618742011789,N24_EMP
801,801,350,540.0230667750885,INDMGMT_CY
802,802,516,534.3386480301632,DI200_CY
803,803,995,534.2084528494809,S19_SALES
804,804,840,534.1496639991021,THH58
805,805,817,533.4372914221858,THH35
806,806,1033,533.303721567154,S32_BUS
807,807,1156,532.7682518264214,N41_BUS
808,808,483,531.6543427878945,A55I200_CY
809,809,564,530.7081194559803,A45DI200CY
810,810,1116,527.6980329618892,N27_EMP
811,811,996,527.2537382762636,S19_EMP
812,812,11,526.7880228314556,RENTER_CY
813,813,1001,525.0575938682298,S21_SALES
814,814,906,524.9524632410977,TADULT35
815,815,544,524.2880722318328,A35DI0_CY
816,816,587,523.6946787408853,A65DI150CY
817,817,494,523.4641691375926,A65I200_CY
818,818,472,522.2073236652788,A45I200_CY
819,819,504,522.1237373930949,A75I150_CY
820,820,1112,521.4205834619123,N26_SALES
821,821,1127,520.1912672151158,N31_SALES
822,822,453,519.861243987591,A35I0_CY
823,823,1039,517.4043210656824,N02_BUS
824,824,575,513.847970465219,A55DI150CY
825,825,954,512.9998226021706,S05_EMP
826,826,636,512.3204855120998,A35NW0_CY
827,827,667,504.90214563651034,A65NW15_CY
828,828,655,504.3535844319738,AVGNWA45CY
829,829,515,502.9088716287125,DI150_CY
830,830,859,499.7858059105798,THHGRPL9
831,831,917,499.45040725112295,TADULT46
832,832,915,499.3515482826113,TADULT44
833,833,427,497.4810197536933,HINC200_CY
834,834,828,496.16695128608353,THH46
835,835,552,494.1718610267975,A35DI200CY
836,836,756,489.3092655729823,AVGIA55UCY
837,837,719,489.0654177776133,MLTFBASECY
838,838,957,488.9396464283949,S06_EMP
839,839,717,487.49936042879295,MAGEBASECY
840,840,388,487.49936042879295,RACE2UP_CY
841,841,997,487.02872668536435,S20_BUS
842,842,718,485.5451546788501,MLTMBASECY
843,843,1047,485.04839860217237,N04_EMP
844,844,1099,484.0580478288279,N22_BUS
845,845,538,483.2045996956845,A25DI100CY
846,846,449,482.6024981935784,A25I150_CY
847,847,1098,482.26882541444047,N21_EMP
848,848,366,479.15698721938156,OCCLEGL_CY
849,849,645,478.30598607406404,AVGNWA35CY
850,850,826,477.7280104805729,THH44
851,851,665,476.9945776251053,AVGNWA55CY
852,852,698,476.9831213826165,AVGVAL_CY
853,853,1120,475.2010674026324,N29_BUS
854,854,823,474.87975326051424,THH41
855,855,950,474.6090377239588,S04_SALES
856,856,784,473.5005140191401,THH02
857,857,912,472.9329736292582,TADULT41
858,858,693,471.2610770743539,VAL400K_CY
859,859,873,469.38419865072126,TADULT02
860,860,526,464.49627588688645,A15DI100CY
861,861,1046,464.434312877642,N04_SALES
862,862,1028,462.4700987068041,S30_SALES
863,863,1119,462.44769725500163,N28_EMP
864,864,1130,462.06684701096924,N32_SALES
865,865,1068,461.33797005044687,N11_EMP
866,866,1052,459.4145718212684,N06_SALES
867,867,1005,458.67315119896836,S22_EMP
868,868,485,457.16933452509716,AVGIA55_CY
869,869,703,456.9727496641414,BLKMBASECY
870,870,354,456.01717383123616,INDARTS_CY
871,871,461,455.8837205711786,A35I200_CY
872,872,953,455.61765057275596,S05_SALES
873,873,1108,454.3322045751165,N25_BUS
874,874,1067,454.00408646264543,N11_SALES
875,875,1035,453.11490594710466,S32_EMP
876,876,551,451.5994224993894,A35DI150CY
877,877,1021,450.1432650492132,S28_BUS
878,878,1115,447.97838340855617,N27_SALES
879,879,1002,445.41893953700014,S21_EMP
880,880,1158,445.12541275120265,N41_EMP
881,881,759,443.1355646948212,AVGIA65UCY
882,882,893,441.73889461274064,TADULT22
883,883,1113,439.4271676230145,N26_EMP
884,884,804,437.96671612196167,THH22
885,885,993,437.19874793047376,S18_EMP
886,886,1123,436.6147901341863,N30_BUS
887,887,1097,435.89139845450444,N21_SALES
888,888,755,434.2358629994361,MEDIA55UCY
889,890,702,432.6195976399728,BAGEBASECY
890,889,383,432.6195976399728,BLACK_CY
891,891,591,432.59737661240865,AVGDIA65CY
892,892,579,432.16820228320495,AVGDIA55CY
893,893,675,432.01136297865395,AVGNWA65CY
894,894,590,431.8939767045538,MEDDIA65CY
895,895,399,431.0466992637277,NHSPBLK_CY
896,896,831,428.6103253523133,THH49
897,897,758,421.28674404899954,MEDIA65UCY
898,898,600,421.1133978595004,A75DI200CY
899,899,496,416.41195364069233,AVGIA65_CY
900,900,861,415.67363414306897,THHGRPL11
901,901,438,414.07279671881054,A15I150_CY
902,902,1118,413.2688225185885,N28_SALES
903,903,429,412.99840178927724,AVGHINC_CY
904,904,704,411.7585295598816,BLKFBASECY
905,905,920,408.11692124825834,TADULT49
906,906,495,405.823000758983,MEDIA65_CY
907,907,992,405.3270427148289,S18_SALES
908,908,890,405.14182249126833,TADULT19
909,909,1011,404.2559884019458,S24_EMP
910,910,1143,404.2559884019458,N36_EMP
911,911,1103,404.1557222445524,N23_SALES
912,912,979,402.27861820652447,S14_BUS
913,913,1100,400.48872661048466,N22_SALES
914,914,505,398.4640361622004,A75I200_CY
915,915,801,393.1870540011095,THH19
916,916,1104,391.9441514725246,N23_EMP
917,917,819,384.55855702489345,THH37
918,918,916,382.08470318252756,TADULT45
919,919,980,380.865035882754,S14_SALES
920,920,908,377.9459203898585,TADULT37
921,921,796,377.2686265621587,THH14
922,922,519,377.10546238299105,AVGDI_CY
923,923,540,376.7573233784843,A25DI200CY
924,924,1081,376.69224339314604,N16_BUS
925,925,910,371.1298180905,TADULT39
926,926,827,369.55873903935475,THH45
927,927,474,368.94941453523273,AVGIA45_CY
928,928,599,368.5971427436514,A75DI150CY
929,929,885,367.326916423894,TADULT14
930,930,58,366.59504312411195,MEDMAGE_CY
931,931,1137,365.4299708456745,N34_EMP
932,932,346,365.07390913033004,INDINFO_CY
933,933,622,364.74887082852837,A15NW250CY
934,934,1004,362.53576171649723,S22_SALES
935,935,484,362.34074983520145,MEDIA55_CY
936,936,821,362.26363234274305,THH39
937,937,1010,361.945880275102,S24_SALES
938,938,1142,361.945880275102,N36_SALES
939,939,1101,361.0117743143112,N22_EMP
940,940,428,360.463899230323,MEDHINC_CY
941,941,1082,359.6461550767756,N16_SALES
942,942,578,354.0629829953351,MEDDIA55CY
943,943,506,353.73334646831347,MEDIA75_CY
944,944,937,350.8477563923595,TADULT66
945,945,405,345.84205198475803,MINORITYCY
946,946,518,345.5981826162874,MEDDI_CY
947,947,981,345.01791994919853,S14_EMP
948,948,1017,341.3938617266906,S26_EMP
949,949,800,340.7066326754503,THH18
950,950,463,339.8589713958077,AVGIA35_CY
951,951,889,339.8322971918059,TADULT18
952,952,835,339.68069248024244,THH53
953,953,36,339.2797959652411,MEDAGE_CY
954,954,924,335.7734261663198,TADULT53
955,955,1083,335.2509623458305,N16_EMP
956,956,473,333.4732556467035,MEDIA45_CY
957,957,507,325.19066802947225,AVGIA75_CY
958,958,80,324.96393985861664,MEDFAGE_CY
959,959,862,323.33373307748127,THHGRPL12
960,960,1095,322.0846575137304,N20_EMP
961,961,945,318.01971908189154,S02_EMP
962,962,1085,315.09988486887846,N17_SALES
963,963,923,314.6582405458706,TADULT52
964,964,928,310.8523498126288,TADULT57
965,965,864,310.82007987168805,THHGRPL14
966,966,839,310.2593707579931,THH57
967,967,848,309.5815613019806,THH66
968,968,539,309.217756453628,A25DI150CY
969,969,834,308.7155957448896,THH52
970,970,567,306.53603384563763,AVGDIA45CY
971,971,403,305.1689412924752,NHSPOTH_CY
972,972,462,303.2809567056486,MEDIA35_CY
973,973,368,301.42099052078856,OCCENT_CY
974,974,603,299.87836527749937,AVGDIA75CY
975,975,602,299.3108959131542,MEDDIA75CY
976,976,555,297.12757267199197,AVGDIA35CY
977,977,1086,295.08327810472747,N17_EMP
978,978,450,295.07620922713454,A25I200_CY
979,979,1025,293.28752265841604,S29_SALES
980,980,394,290.485520838648,HISPPI_CY
981,981,1122,287.1056442575689,N29_EMP
982,982,528,286.2107923901222,A15DI200CY
983,983,816,282.96558961560856,THH34
984,984,694,278.49128916273753,VAL500K_CY
985,985,905,278.14781666670825,TADULT34
986,986,396,273.93419148075805,HISPMLT_CY
987,987,527,271.13150846706753,A15DI150CY
988,988,1023,267.41671029090725,S28_EMP
989,989,866,266.03133811944804,THHGRPU2
990,990,615,263.5296216987185,AVGNW_CY
991,991,566,262.24895071211245,MEDDIA45CY
992,992,685,254.01724990631868,AVGNWA75CY
993,993,407,252.63462352470248,NOHS_CY
994,994,695,251.84551672384237,VAL750K_CY
995,995,1121,251.64257578304267,N29_SALES
996,996,894,246.71150705594022,TADULT23
997,997,13,244.6676309663329,POPGRW10CY
998,998,1136,244.4078722864043,N34_SALES
999,999,439,243.3058607416216,A15I200_CY
1000,1000,785,241.49302122012585,THH03
1001,1001,805,239.74767387374177,THH23
1002,1002,392,238.6824703337558,HISPAI_CY
1003,1003,874,237.717894982416,TADULT03
1004,1004,1041,235.75098749421113,N02_EMP
1005,1005,1163,233.18749982339415,HSGRAD_PRCNT
1006,1006,1022,230.39905839191795,S28_SALES
1007,1007,998,220.93624580192593,S20_SALES
1008,1008,938,220.55989017705332,TADULT67
1009,1009,721,220.45800784135145,HSPMBASECY
1010,1010,554,220.41837196565515,MEDDIA35CY
1011,1011,897,219.32004280619765,TADULT26
1012,1012,709,217.4825791016145,ASNMBASECY
1013,1013,708,216.98721554026125,AAGEBASECY
1014,1014,385,216.98721554026125,ASIAN_CY
1015,1016,389,216.85167312493053,HISPPOP_CY
1016,1015,720,216.85167312493053,HAGEBASECY
1017,1017,401,216.6277139813231,NHSPASN_CY
1018,1018,710,216.35200853886604,ASNFBASECY
1019,1019,857,215.9032462630961,THHGRPL7
1020,1020,783,215.52599931387186,THH01
1021,1021,1109,214.86077803729071,N25_SALES
1022,1022,722,213.10997354957138,HSPFBASECY
1023,1023,806,211.87744040680454,THH24
1024,1024,872,210.82602966763707,TADULT01
1025,1025,808,210.06935924636718,THH26
1026,1026,391,209.92573792101828,HISPBLK_CY
1027,1027,811,209.13180447091793,THH29
1028,1028,430,208.34994661477933,PCI_CY
1029,1029,809,208.12529133680334,THH27
1030,1030,706,206.77226293383455,AIMBASE_CY
1031,1031,338,206.17280518679732,INDAGRI_CY
1032,1032,390,205.14190631859515,HISPWHT_CY
1033,1033,1094,204.99420592208253,N20_SALES
1034,1034,900,204.5180973832779,TADULT29
1035,1035,393,203.82993699734328,HISPASN_CY
1036,1036,898,202.90520890506724,TADULT27
1037,1037,1016,202.8994599677885,S26_SALES
1038,1038,684,202.51179525118846,MEDNWA75CY
1039,1039,664,199.8102393277992,MEDNWA55CY
1040,1040,384,199.76110832897268,AMERIND_CY
1041,1041,705,199.76110832897268,IAGEBASECY
1042,1042,837,198.18642057662234,THH55
1043,1043,712,193.66697889120528,PIMBASE_CY
1044,1044,707,192.70058659609853,AIFBASE_CY
1045,1045,386,191.38634512771907,PACIFIC_CY
1046,1046,711,191.38634512771907,PAGEBASECY
1047,1047,926,188.8482121860429,TADULT55
1048,1048,713,188.79398563359265,PIFBASE_CY
1049,1049,895,188.38208246870994,TADULT24
1050,1050,715,187.48354527061778,OTHMBASECY
1051,1051,791,187.31350539794238,THH09
1052,1052,852,184.3208518709544,THHGRPL2
1053,1053,387,182.1938810425911,OTHRACE_CY
1054,1054,714,182.1938810425911,OAGEBASECY
1055,1055,696,180.48806495528186,VAL1M_CY
1056,1056,880,180.20929937736753,TADULT09
1057,1057,14,178.44869034718704,HHGRW10CY
1058,1058,395,177.4230039887602,HISPOTH_CY
1059,1059,716,176.72690801175895,OTHFBASECY
1060,1060,402,174.232959765596,NHSPPI_CY
1061,1061,15,171.30389116622987,FAMGRW10CY
1062,1062,654,169.3581584627417,MEDNWA45CY
1063,1063,1125,168.50135430187927,N30_EMP
1064,1064,788,165.8175521679051,THH06
1065,1065,377,165.63839454734656,OCCFARM_CY
1066,1066,452,165.4791649745189,AVGIA25_CY
1067,1067,877,164.39477033220058,TADULT06
1068,1068,6,163.36887209166758,AVGHHSZ_CY
1069,1069,451,160.3897305115769,MEDIA25_CY
1070,1070,999,153.28261991279518,S20_EMP
1071,1071,1110,149.98943706985304,N25_EMP
1072,1072,674,148.92655612165942,MEDNWA65CY
1073,1073,789,146.60441771839356,THH07
1074,1074,849,144.9336632090625,THH67
1075,1075,644,143.89835896854655,MEDNWA35CY
1076,1076,825,143.5068013310046,THH43
1077,1077,939,143.3492295467555,TADULT68
1078,1078,911,142.58059722350905,TADULT40
1079,1079,914,142.3125171405317,TADULT43
1080,1080,822,141.4882928341395,THH40
1081,1081,878,141.3073180511556,TADULT07
1082,1082,1042,141.29876829715403,N03_BUS
1083,1083,543,140.32446862787646,AVGDIA25CY
1084,1084,8,139.20363151709108,AVGFMSZ_CY
1085,1085,845,137.23103227141152,THH63
1086,1086,850,134.59420514308252,THH68
1087,1087,882,133.17283187097195,TADULT11
1088,1088,934,132.81452687019535,TADULT63
1089,1089,793,130.52608952067894,THH11
1090,1090,838,122.49755046260576,THH56
1091,1091,406,121.38101693017626,DIVINDX_CY
1092,1092,927,121.37946487031132,TADULT56
1093,1093,815,116.84104012006252,THH33
1094,1094,930,116.62748842628824,TADULT59
1095,1095,841,116.51643662619425,THH59
1096,1096,904,115.79558635866296,TADULT33
1097,1097,918,114.7639335718991,TADULT47
1098,1098,933,112.59657068413735,TADULT62
1099,1099,829,111.87548568462553,THH47
1100,1100,1040,110.02678593892915,N02_SALES
1101,1101,542,108.76036542270732,MEDDIA25CY
1102,1102,400,107.8961645726087,NHSPAI_CY
1103,1103,913,107.64140631397665,TADULT42
1104,1104,624,107.17398892647132,MEDNWA15CY
1105,1105,824,106.70924838018581,THH42
1106,1106,844,106.4618984889795,THH62
1107,1107,865,88.43953142497747,THHGRPU1
1108,1108,812,87.22875687471343,THH30
1109,1109,901,86.69508596846691,TADULT30
1110,1110,847,85.26797452319316,THH65
1111,1111,339,83.97632038398712,INDMIN_CY
1112,1112,4,83.41430482511431,POPDENS_CY
1113,1113,863,82.74683766879089,THHGRPL13
1114,1114,853,81.03802254700086,THHGRPL3
1115,1115,936,72.87805456143117,TADULT65
1116,1116,635,68.80514651002238,AVGNWA25CY
1117,1117,842,62.25267717342102,THH60
1118,1118,931,61.61806445458759,TADULT60
1119,1119,1124,60.93819998154143,N30_SALES
1120,1120,810,56.522455384445664,THH28
1121,1121,883,56.186537962586655,TADULT12
1122,1122,944,56.181627939996766,S02_SALES
1123,1123,794,55.86439049297429,THH12
1124,1124,899,53.63810376265187,TADULT28
1125,1125,896,53.40754533686927,TADULT25
1126,1126,807,52.63560655304915,THH25
1127,1127,359,51.56186982850842,UNEMPRT_CY
1128,1128,614,46.79529651136656,MEDNW_CY
1129,1129,879,39.90320532421742,TADULT08
1130,1130,790,39.87913931302548,THH08
1131,1131,814,38.837255565359484,THH32
1132,1132,903,38.740958395353516,TADULT32
1133,1133,921,36.08134495130875,TADULT50
1134,1134,832,32.750858205925866,THH50
1135,1135,1044,29.1622675015992,N03_EMP
1136,1136,843,29.155534217460573,THH61
1137,1137,902,28.274355511472248,TADULT31
1138,1138,813,28.247371020544772,THH31
1139,1139,932,28.18070392919373,TADULT61
1140,1140,881,27.859256008144634,TADULT10
1141,1141,792,26.179058611745912,THH10
1142,1142,441,25.171547986408555,AVGIA15_CY
1143,1143,634,22.503044645546634,MEDNWA25CY
1144,1144,833,19.74363441242469,THH51
1145,1145,1043,19.738406051494362,N03_SALES
1146,1146,922,19.20900982197342,TADULT51
1147,1147,818,13.53898377936927,THH36
1148,1148,907,13.449465753373524,TADULT36
1149,1149,781,10.835469030060464,TSEGNUM
1150,1150,830,8.636855815653593,THH48
1151,1151,919,8.312329058864714,TADULT48
1152,1152,846,8.140103005540672,THH64
1153,1153,935,7.7532344165252525,TADULT64
1154,1154,625,7.429889884894501,AVGNWA15CY
1155,1155,777,5.979679750481984,LANDAREA
1156,1156,780,5.36195444833308,AREA
1157,1157,440,5.108837108832972,MEDIA15_CY
1158,1158,531,2.1383082805029594,AVGDIA15CY
1159,1159,530,0.00012388705702119182,MEDDIA15CY
1160,1160,1031,,S31_SALES
1161,1161,1034,,S32_SALES
1162,1162,1154,,N40_SALES
1163,1163,1157,,N41_SALES
